query,value,seed_keyword
what is the term for unauthorized use of ai tools by employees without their employer's permission?,2350,ai tools
best ai seo tools 2025,750,ai tools
ai tools for ecommerce,300,ai tools
claude code,300,ai tools
ai automation tools,250,ai tools
ai video generation tools,250,ai tools
top ai tools,200,ai tools
best ai tools for business,200,ai tools
n8n,170,ai tools
free ai tools list,160,ai tools
top 10 ai tools,150,ai tools
ai tools for small business,150,ai tools
ai tools for business,140,ai tools
ai tools for marketing,140,ai tools
ai business tools,140,ai tools
perplexity,130,ai tools
ai sales tools,130,ai tools
perplexity ai,110,ai tools
ai tools list,110,ai tools
legal ai tools,110,ai tools
ai marketing tools,110,ai tools
best ai tools,80,ai tools
list of ai tools,80,ai tools
ai design tools,80,ai tools
ai tools for research,70,ai tools
